Season,AvgTime,FirstGame,LastGame,NbGames,Region,TournamentName
S3,2130,2013-12-14,2013-12-22,10,WR,Battle of the Atlantic 2013
S3,1926,2013-09-16,2013-10-04,63,WR,Season 3 World Championship
S4,2168,2014-09-18,2014-10-19,78,WR,World Championship 2014
S4,2196,2014-08-23,2014-09-01,29,NA,NA LCS Summer Playoffs 2014
S4,2470,2014-08-07,2014-08-17,26,EUW,EU LCS Summer Playoffs 2014
S4,2339,2014-05-23,2014-08-03,112,NA,NA LCS Summer 2014
S4,2383,2014-05-20,2014-07-31,112,EUW,EU LCS Summer 2014
S4,1993,2014-05-08,2014-05-11,17,WR,All-Star 2014
S4,2038,2014-04-18,2014-04-20,18,NA,NA LCS Spring Playoffs 2014
S4,2327,2014-04-15,2014-04-17,20,EUW,EU LCS Spring Playoffs 2014
S4,2219,2014-01-17,2014-04-06,112,NA,NA LCS Spring 2014
S4,2362,2014-01-14,2014-04-03,112,EUW,EU LCS Spring 2014
S5,2373,2015-11-21,2015-11-23,11,WR,IEM San Jose 2015
S5,2158,2015-10-01,2015-10-31,73,WR,World Championship 2015
S5,2225,2015-09-11,2015-09-12,8,KR,LCK Spring Promotion 2015
S5,2361,2015-09-06,2015-09-07,7,NA,NA LCS Spring Promotion 2015
S5,2028,2015-09-05,2015-09-05,8,EUW,EU LCS Spring Promotion 2015
S5,2460,2015-09-04,2015-09-05,14,CN,LPL Regional Qualifiers 2015
S5,2269,2015-09-02,2015-09-05,12,KR,LCK Regional Qualifier 2015
S5,2577,2015-08-29,2015-09-05,9,WR,IWC Desafio 2015
S5,2221,2015-08-29,2015-08-31,11,EUW,EU Regional Qualifiers 2015
S5,2154,2015-08-29,2015-08-31,14,NA,NA Regional Qualifiers 2015
S5,2213,2015-08-26,2015-08-29,16,WR,IWC Turkey 2015
S5,2199,2015-08-16,2015-08-29,14,KR,LCK Summer Playoffs 2015
S5,2088,2015-08-11,2015-08-23,37,CN,LPL Summer Playoffs 2015
S5,2331,2015-08-08,2015-08-23,21,NA,NA LCS Summer Playoffs 2015
S5,2271,2015-08-08,2015-08-23,23,EUW,EU LCS Summer Playoffs 2015
S5,2243,2015-08-14,2015-08-16,13,TW,LMS Regional 2015
S5,2320,2015-05-20,2015-08-13,217,KR,LCK Summer 2015
S5,2152,2015-05-22,2015-08-09,264,CN,LPL Summer 2015
S5,2335,2015-05-30,2015-07-26,93,NA,NA LCS Summer 2015
S5,2329,2015-07-24,2015-07-26,11,TW,LMS Summer Playoffs 2015
S5,2265,2015-05-28,2015-07-24,91,EUW,EU LCS Summer 2015
S5,2006,2015-05-07,2015-05-10,28,WR,Mid-Season Invitational 2015
S5,2254,2015-04-17,2015-05-02,11,KR,LCK Spring Playoffs 2015
S5,2064,2015-04-14,2015-04-26,32,CN,LPL Spring Playoffs 2015
S5,2540,2015-04-24,2015-04-25,7,WR,International Wildcard 2015
S5,2121,2015-04-04,2015-04-19,25,NA,NA LCS Spring Playoffs 2015
S5,2149,2015-04-04,2015-04-19,27,EUW,EU LCS Spring Playoffs 2015
S5,2454,2015-04-10,2015-04-12,10,TW,LMS Spring Playoffs 2015
S5,2183,2015-01-16,2015-04-12,264,CN,LPL Spring 2015
S5,2415,2015-01-07,2015-04-11,128,KR,Champions Spring 2015
S5,2275,2015-01-25,2015-03-30,92,NA,NA LCS Spring 2015
S5,2355,2015-01-23,2015-03-28,91,EUW,EU LCS Spring 2015
S5,2142,2015-03-13,2015-03-15,19,WR,IEM Katowice 2015
S5,2316,2014-12-19,2014-12-21,14,WR,IEM Cologne 2014
S5,2225,2014-12-03,2014-12-20,36,KR,OGN Champions Preseason 2015
S5,2287,2014-12-06,2014-12-07,12,WR,IEM San Jose 2014
S6,1999,2016-11-19,2016-11-21,14,WR,IEM Oakland 2016
S6,2312,2016-09-29,2016-10-30,77,WR,World Championship 2016
S6,2047,2016-09-03,2016-09-05,10,NA,NA Regional Qualifiers 2016
S6,2144,2016-09-03,2016-09-05,11,EUW,EU Regional Qualifiers 2016
S6,2364,2016-09-02,2016-09-04,11,TW,LMS Regional Qualifiers 2016
S6,2238,2016-08-24,2016-09-04,38,WR,IWC Qualifier 2016
S6,2183,2016-08-29,2016-09-03,14,KR,LCK Regional Qualifiers 2016
S6,2182,2016-08-27,2016-08-28,15,CN,LPL Regional Qualifiers 2016
S6,2304,2016-08-13,2016-08-28,25,NA,NA LCS Summer Playoffs 2016
S6,2149,2016-08-13,2016-08-28,24,EUW,EU LCS Summer Playoffs 2016
S6,2911,2016-08-22,2016-08-27,14,KR,LCK Spring Promo 2017
S6,2189,2016-08-10,2016-08-26,32,CN,LPL Summer Playoffs 2016
S6,2536,2016-08-17,2016-08-21,11,TW,LMS Summer Playoffs 2016
S6,2247,2016-08-08,2016-08-20,15,KR,LCK Summer Playoffs 2016
S6,2173,2016-08-04,2016-08-07,14,NA,NA LCS 2017 Spring Promo
S6,2229,2016-08-04,2016-08-07,18,EUW,EU LCS 2017 Spring Promo
S6,2221,2016-05-26,2016-08-07,232,CN,LPL Summer 2016
S6,2304,2016-05-25,2016-08-06,212,KR,LCK Summer 2016
S6,2193,2016-06-02,2016-07-31,182,EUW,EU LCS Summer 2016
S6,2123,2016-06-03,2016-07-31,218,NA,NA LCS Summer 2016
S6,2148,2016-05-04,2016-05-15,41,WR,Mid-Season Invitational 2016
S6,3053,2016-04-28,2016-04-29,7,KR,LCK Summer Promo 2016
S6,1837,2016-04-20,2016-04-23,10,WR,IWCI Playoffs 2016
S6,2056,2016-04-13,2016-04-23,24,CN,LPL Spring Playoffs 2016
S6,2396,2016-04-13,2016-04-23,13,KR,LCK Spring Playoffs 2016
S6,2166,2016-04-15,2016-04-17,11,TW,LMS Spring Playoffs 2016
S6,2053,2016-04-02,2016-04-17,23,NA,NA LCS Spring Playoffs 2016
S6,2136,2016-04-02,2016-04-17,25,EUW,EU LCS Spring Playoffs 2016
S6,2161,2016-01-14,2016-04-10,226,CN,LPL Spring 2016
S6,2261,2016-01-13,2016-04-09,215,KR,LCK Spring 2016
S6,2070,2016-04-06,2016-04-08,13,NA,NA LCS Summer Promo 2016
S6,2004,2016-03-24,2016-03-27,18,EUW,EU LCS Summer Promo 2016
S6,2097,2016-01-16,2016-03-20,90,NA,NA LCS Spring 2016
S6,2129,2016-01-14,2016-03-18,90,EUW,EU LCS Spring 2016
S6,2067,2016-03-04,2016-03-06,25,WR,IEM Katowice 2016
S6,2013,2015-12-18,2015-12-20,17,WR,IEM Cologne 2015
S7,2153,2017-10-05,2017-11-04,80,WR,World Championship 2017
S7,2004,2017-09-23,2017-09-29,39,WR,World Championship Play-In 2017
S7,2332,2017-09-12,2017-09-16,16,KR,LCK Spring Promotion 2018
S7,2081,2017-09-08,2017-09-10,11,NA,NA LCS Regional Qualifiers 2017
S7,2037,2017-09-08,2017-09-10,11,EUW,EU LCS Regional Qualifiers 2017
S7,1971,2017-09-02,2017-09-03,8,CN,LPL Regional Qualifiers 2017
S7,2254,2017-08-19,2017-09-03,23,NA,NA LCS Summer Playoffs 2017
S7,2197,2017-08-19,2017-09-03,23,EUW,EU LCS Summer Playoffs 2017
S7,2295,2017-08-19,2017-09-03,12,CIS,LCL Summer Playoffs 2017
S7,2125,2017-08-19,2017-09-02,13,BR,CBLOL Winter Playoffs 2017
S7,2223,2017-08-28,2017-09-02,13,KR,LCK Regional Qualifiers 2017
S7,2086,2017-08-22,2017-09-01,31,CN,LPL Summer Playoffs 2017
S7,2349,2017-08-26,2017-08-28,12,TW,LMS Regional Qualifiers 2017
S7,2011,2017-08-12,2017-08-26,14,KR,LCK Summer Playoffs 2017
S7,1936,2017-08-17,2017-08-25,20,EUW,EU LCS Spring Promotion 2017
S7,2043,2017-08-18,2017-08-25,12,TW,LMS Summer Playoffs 2017
S7,2121,2017-06-08,2017-08-20,233,CN,LPL Summer 2017
S7,2058,2017-06-01,2017-08-13,153,EUW,EU LCS Summer 2017
S7,2183,2017-08-11,2017-08-13,19,NA,NA LCS Spring Promotion 2018
S7,2082,2017-06-18,2017-08-06,37,EUW,EU CS Summer 2017
S7,2083,2017-06-24,2017-08-06,60,CIS,LCL Summer 2017
S7,2182,2017-05-30,2017-08-06,219,KR,LCK Summer 2017
S7,2112,2017-06-03,2017-08-06,226,NA,NA LCS Summer 2017
S7,2113,2017-06-03,2017-08-06,132,TW,LMS Summer 2017
S7,2034,2017-06-08,2017-07-28,82,NA,NA CS Summer 2017
S7,2291,2017-06-03,2017-07-23,56,BR,CBLOL Winter 2017
S7,2319,2017-07-06,2017-07-09,21,WR,LCK-LPL-LMS Rift Rivals 2017
S7,2068,2017-07-06,2017-07-09,19,WR,LCL-TCL Rift Rivals 2017
S7,2117,2017-07-05,2017-07-08,21,WR,EU-NA Rift Rivals 2017
S7,2253,2017-07-05,2017-07-08,22,WR,CBLOL-LLN-CLS Rift Rivals 2017
S7,2091,2017-07-03,2017-07-06,18,WR,GPL-OPL-LJL Rift Rivals 2017
S7,2151,2017-05-10,2017-05-21,42,WR,Mid-Season Invitational 2017
S7,2041,2017-04-28,2017-05-06,36,WR,MSI Play-In 2017
S7,2153,2017-04-18,2017-04-29,31,CN,LPL Spring Playoffs 2017
S7,2265,2017-04-21,2017-04-23,11,TW,LMS Spring Playoffs 2017
S7,2316,2017-04-08,2017-04-23,23,EUW,EU LCS Spring Playoffs 2017
S7,2111,2017-04-08,2017-04-23,24,NA,NA LCS Spring Playoffs 2017
S7,1992,2017-04-07,2017-04-22,11,KR,LCK Spring Playoffs 2017
S7,2203,2017-01-19,2017-04-16,231,CN,LPL Spring 2017
S7,2433,2017-04-06,2017-04-14,18,EUW,EU LCS Summer Promotion 2017
S7,2043,2017-04-01,2017-04-09,14,CIS,LCL Spring Playoffs 2017
S7,2194,2017-01-21,2017-04-09,125,TW,LMS Spring 2017
S7,2221,2017-03-25,2017-04-08,11,BR,CBLOL Summer Playoffs 2017
S7,2208,2017-04-01,2017-04-02,22,NA,NA LCS Summer Promotion 2017
S7,2227,2017-01-17,2017-04-02,222,KR,LCK Spring 2017
S7,2190,2017-01-19,2017-04-02,156,EUW,EU LCS Spring 2017
S7,2107,2017-02-05,2017-03-26,39,EUW,EU CS Spring 2017
S7,2234,2017-01-21,2017-03-26,221,NA,NA LCS Spring 2017
S7,2301,2017-01-28,2017-03-19,55,CIS,LCL Spring 2017
S7,2222,2017-01-26,2017-03-16,41,NA,NA CS Spring 2017
S7,2355,2017-01-21,2017-03-12,56,BR,CBLOL Summer 2017
S7,2313,2017-02-22,2017-02-26,27,WR,IEM Katowice 2017
S7,1958,2016-12-14,2016-12-18,26,WR,IEM Gyeonggi 2016
S8,1950,2018-10-10,2018-11-03,77,WR,World Championship 2018
S8,1897,2018-10-01,2018-10-07,42,WR,World Championship Play-In 2018
S8,2029,2018-09-17,2018-09-30,42,EUW,EU Masters Summer 2018
S8,1810,2018-09-07,2018-09-22,13,VN,VCS Summer Playoffs 2018
S8,1906,2018-09-20,2018-09-22,12,TW,LMS Regional Qualifiers 2018
S8,2303,2018-09-18,2018-09-22,14,KR,LCK Spring Promotion 2019
S8,2191,2018-09-15,2018-09-16,9,CN,LPL Regional Qualifiers 2018
S8,1981,2018-09-14,2018-09-16,9,NA,NA LCS Regional Qualifiers 2018
S8,2101,2018-09-14,2018-09-16,14,EUW,EU LCS Regional Qualifiers 2018
S8,2043,2018-09-12,2018-09-16,13,KR,LCK Regional Qualifiers 2018
S8,2000,2018-08-25,2018-09-16,20,TR,TCL Summer Playoffs 2018
S8,2049,2018-09-08,2018-09-15,7,JP,LJL Summer Playoffs 2018
S8,1993,2018-09-07,2018-09-15,10,TW,LMS Summer Playoffs 2018
S8,1956,2018-09-05,2018-09-14,32,CN,LPL Summer Playoffs 2018
S8,1940,2018-09-10,2018-09-13,23,EUW,EU Masters 2018 Summer Play-In
S8,2059,2018-08-25,2018-09-09,25,NA,NA LCS Summer Playoffs 2018
S8,1948,2018-08-24,2018-09-09,24,EUW,EU LCS Summer Playoffs 2018
S8,2058,2018-08-30,2018-09-09,18,LAS,CLS Closing Playoffs 2018
S8,2298,2018-08-12,2018-09-08,16,KR,LCK Summer Playoffs 2018
S8,2163,2018-08-31,2018-09-08,19,LAN,LLN Summer Playoffs 2018
S8,1980,2018-08-11,2018-09-08,16,BR,CBLOL Winter Playoffs 2018
S8,2132,2018-08-25,2018-09-02,13,CIS,LCL Summer Playoffs 2018
S8,2008,2018-06-11,2018-09-02,328,CN,LPL Summer 2018
S8,1924,2018-05-26,2018-09-02,126,ES,LVP Summer 2018
S8,2111,2018-08-24,2018-09-02,15,OCE,OPL Split 2 Playoffs 2018
S8,2038,2018-08-17,2018-09-01,23,NA,NA Academy Summer Playoffs 2018
S8,2009,2018-08-26,2018-08-27,12,CZ,Hitpoint LEGENDS 2
S8,2031,2018-06-17,2018-08-26,56,LAN,LLN Summer 2018
S8,1991,2018-06-16,2018-08-26,84,LAS,CLS Closing 2018
S8,2148,2018-06-16,2018-08-21,94,NA,NA LCS Summer 2018
S8,2016,2018-06-16,2018-08-20,112,TR,TCL Summer 2018
S8,1965,2018-08-13,2018-08-19,36,SEA,SEA Tour Summer 2018
S8,2151,2018-07-21,2018-08-19,58,CIS,LCL Summer 2018
S8,1779,2018-06-21,2018-08-19,130,VN,VCS Summer 2018
S8,2003,2018-06-15,2018-08-19,93,EUW,EU LCS Summer 2018
S8,2089,2018-06-23,2018-08-18,136,TW,LMS Summer 2018
S8,1952,2018-06-08,2018-08-18,94,OCE,OPL Split 2 2018
S8,2064,2018-06-22,2018-08-11,75,JP,LJL Summer 2018
S8,2048,2018-06-15,2018-08-11,89,NA,NA Academy Summer 2018
S8,1947,2018-07-26,2018-08-09,29,CZ,Hitpoint Masters Season 10
S8,2100,2018-06-12,2018-08-09,218,KR,LCK Summer 2018
S8,1993,2018-06-09,2018-08-05,70,BR,CBLOL Winter 2018
S8,1884,2018-05-21,2018-07-09,48,PT,LPLOL Summer 2018
S8,2024,2018-07-04,2018-07-08,21,WR,LLN-CLS-CBLOL Rift-Rivals 2018
S8,1902,2018-07-05,2018-07-08,20,WR,LCK-LPL-LMS Rift-Rivals 2018
S8,1896,2018-07-05,2018-07-07,13,WR,NA LCS-EULCS Rift-Rivals 2018
S8,1925,2018-07-04,2018-07-07,19,WR,LCL-TCL-VCS Rift-Rivals 2018
S8,1881,2018-07-02,2018-07-05,19,WR,SEA-LJL-OPL Rift-Rivals 2018
S8,2064,2018-05-11,2018-05-20,43,WR,Mid-Season Invitational 2018
S8,1931,2018-05-03,2018-05-09,31,WR,MSI Play-In 2018
S8,2034,2018-04-14,2018-04-29,57,EUW,EU Masters Spring 2018
S8,2062,2018-04-12,2018-04-28,30,CN,LPL Spring Playoffs 2018
S8,2068,2018-04-14,2018-04-22,10,TW,LMS Spring Playoffs 2018
S8,2249,2018-04-17,2018-04-22,17,KR,LCK Summer Promotion 2018
S8,1867,2018-04-07,2018-04-22,21,TR,TCL Spring Playoffs 2018
S8,2223,2018-03-31,2018-04-21,21,LAN,LLN Spring Playoffs 2018
S8,2141,2018-03-31,2018-04-14,15,KR,LCK Spring Playoffs 2018
S8,2382,2018-04-07,2018-04-14,7,JP,LJL Spring Playoffs 2018
S8,2128,2018-03-29,2018-04-14,20,LAS,CLS Opening Playoffs 2018
S8,2058,2018-01-15,2018-04-08,317,CN,LPL Spring 2018
S8,2017,2018-03-24,2018-04-08,22,NA,NA LCS Spring Playoffs 2018
S8,2045,2018-03-23,2018-04-08,24,EUW,EU LCS Spring Playoffs 2018
S8,2203,2018-03-17,2018-04-07,18,BR,CBLOL Summer Playoffs 2018
S8,2091,2018-03-30,2018-04-07,13,VN,VCS Spring Playoffs 2018
S8,1608,2018-04-01,2018-04-02,9,CZ,Hitpoint LEGENDS 1
S8,2254,2018-01-20,2018-04-01,133,TW,LMS Spring 2018
S8,1966,2018-03-17,2018-04-01,12,CIS,LCL Spring Playoffs 2018
S8,2226,2018-03-22,2018-03-31,12,NA,NA Academy Spring Playoffs 2018
S8,2038,2018-03-23,2018-03-31,19,OCE,OPL Split 1 Playoffs 2018
S8,2114,2018-02-09,2018-03-30,69,JP,LJL Spring 2018
S8,1948,2018-01-20,2018-03-26,112,TR,TCL Spring 2018
S8,2284,2018-01-16,2018-03-25,214,KR,LCK Spring 2018
S8,2018,2018-01-28,2018-03-25,123,ES,LVP Spring 2018
S8,2082,2018-01-20,2018-03-25,84,LAS,CLS Opening 2018
S8,2159,2018-01-20,2018-03-24,43,LAN,LLN Spring 2018
S8,1674,2018-03-06,2018-03-21,27,CZ,Hitpoint Masters Season 9
S8,2025,2018-01-20,2018-03-18,93,OCE,OPL Split 1 2018
S8,1917,2018-01-18,2018-03-18,134,VN,VCS Spring 2018
S8,2269,2018-01-20,2018-03-18,95,NA,NA LCS Spring 2018
S8,2327,2018-01-19,2018-03-17,91,EUW,EU LCS Spring 2018
S8,2131,2018-01-19,2018-03-16,91,NA,NA Academy Spring 2018
S8,2168,2018-01-20,2018-03-11,66,BR,CBLOL Summer 2018
S8,2092,2018-02-10,2018-03-11,58,CIS,LCL Spring 2018
S8,2229,2017-11-20,2017-12-02,46,KR,Kespa Cup 2017
S8,1954,2017-11-10,2017-11-29,41,EUW,Challenge France 2017
S9,1965,2019-10-12,2019-11-10,77,WR,World Championship 2019
S9,1825,2019-11-08,2019-11-10,22,CZ,MCR LoL 2019
S9,1977,2019-10-30,2019-10-31,9,FR,LFL Finals 2019
S9,2064,2019-10-02,2019-10-08,43,WR,World Championship Play-In 2019
S9,1960,2019-09-16,2019-09-29,44,EUW,EU Master Summer 2019
S9,1926,2019-09-01,2019-09-16,9,JP,LJL Summer Playoffs 2019
S9,1788,2019-09-07,2019-09-15,12,SEA,LST Summer Playoffs 2019
S9,1953,2019-09-13,2019-09-15,11,EUW,LEC Regional Finals 2019
S9,1959,2019-08-31,2019-09-15,13,CIS,LCL Summer Playoffs 2019
S9,1861,2019-08-24,2019-09-15,17,VN,VCS Summer Playoffs 2019
S9,1994,2019-09-09,2019-09-12,25,EUW,EU Master Summer Play-In 2019
S9,2193,2019-09-09,2019-09-11,16,KR,LCK Spring Promotion 2020
S9,1907,2019-08-23,2019-09-08,24,EUW,LEC Summer Playoffs 2019
S9,2004,2019-09-06,2019-09-08,10,TW,LMS Regional Finals 2019
S9,2134,2019-09-06,2019-09-08,13,NA,LCS Regional Finals 2019
S9,1817,2019-09-07,2019-09-08,10,CN,LPL Regional Finals 2019
S9,1781,2019-08-24,2019-09-07,12,BR,CBLOL Winter Playoffs 2019
S9,1840,2019-09-03,2019-09-07,13,KR,LCK Regional Finals 2019
S9,1973,2019-08-22,2019-09-06,31,CN,LPL Summer Playoffs 2019
S9,1710,2019-07-20,2019-09-01,62,SEA,LST Summer 2019
S9,2057,2019-06-03,2019-09-01,113,ES,LVP SLO Summer 2019
S9,1955,2019-08-17,2019-08-31,20,TR,TCL Summer Playoffs 2019
S9,2038,2019-08-21,2019-08-31,13,KR,LCK Summer Playoffs 2019
S9,2070,2019-08-10,2019-08-31,19,LAT,LLA Closing Playoffs 2019
S9,2032,2019-08-22,2019-08-31,14,OCE,OPL Split 2 Playoffs 2019
S9,2026,2019-08-23,2019-08-31,13,TW,LMS Summer Playoffs 2019
S9,1977,2019-06-18,2019-08-28,86,PL,Ultraliga Season 2
S9,1788,2019-07-20,2019-08-25,57,CIS,LCL Summer 2019
S9,2022,2019-08-24,2019-08-25,14,CZ,Hitpoint LEGENDS 4
S9,1962,2019-08-10,2019-08-25,26,NA,LCS Summer Playoffs 2019
S9,1915,2019-06-01,2019-08-18,287,CN,LPL Summer 2019
S9,1981,2019-06-15,2019-08-18,84,JP,LJL Summer 2019
S9,1892,2019-07-21,2019-08-18,36,CZ,Hitpoint Masters Season 12
S9,2018,2019-06-05,2019-08-18,218,KR,LCK Summer 2019
S9,1923,2019-06-07,2019-08-17,84,OCE,OPL Split 2 2019
S9,1955,2019-08-02,2019-08-17,20,NA,NA Academy Summer Playoffs 2019
S9,1935,2019-06-07,2019-08-17,91,EUW,LEC Summer 2019
S9,1931,2019-06-20,2019-08-11,135,VN,VCS Summer 2019
S9,1967,2019-06-01,2019-08-10,84,BR,CBLOL Winter 2019
S9,1904,2019-06-08,2019-08-06,82,PT,LPLOL Summer 2019
S9,1971,2019-06-08,2019-08-04,91,TR,TCL Summer 2019
S9,2012,2019-06-13,2019-08-04,102,TW,LMS Summer 2019
S9,2022,2019-06-01,2019-08-04,93,NA,LCS Summer 2019
S9,2027,2019-06-08,2019-08-04,84,LAT,LLA Closing 2019
S9,1888,2019-05-21,2019-07-31,69,FR,LFL Summer 2019
S9,1915,2019-05-31,2019-07-28,90,NA,NA Academy Summer 2019
S9,1910,2019-06-02,2019-07-28,72,IT,PG Nationals Summer 2019
S9,1875,2019-07-04,2019-07-07,19,WR,LCK-LPL-LMS-VCS Rift Rivals 2019
S9,1672,2019-06-27,2019-06-29,13,WR,NA-EU Rift Rivals 2019
S9,1844,2019-05-10,2019-05-19,42,WR,Mid-Season Invitational 2019
S9,1898,2019-05-01,2019-05-07,37,WR,MSI Play-In 2019
S9,1890,2019-04-15,2019-04-28,45,EUW,EU Master Spring 2019
S9,1980,2019-04-20,2019-04-21,7,SEA,LST Spring 2019
S9,1878,2019-04-04,2019-04-21,31,CN,LPL Spring Playoffs 2019
S9,2059,2019-04-16,2019-04-21,16,KR,LCK Summer Promotion 2019
S9,1998,2019-03-30,2019-04-20,21,LAT,LLA Opening Playoffs 2019
S9,2102,2019-04-12,2019-04-20,12,TW,LMS Spring Playoffs 2019
S9,1961,2019-03-29,2019-04-14,21,EUW,LEC Spring Playoffs 2019
S9,1807,2019-03-30,2019-04-14,10,CIS,LCL Spring Playoffs 2019
S9,2185,2019-03-30,2019-04-13,13,VN,VCS Spring Playoffs 2019
S9,1909,2019-03-29,2019-04-13,17,TR,TCL Spring Playoffs 2019
S9,2107,2019-04-06,2019-04-13,13,BR,CBLOL Summer Playoffs 2019
S9,2046,2019-03-29,2019-04-13,22,NA,LCS Spring Playoffs 2019
S9,2002,2019-04-03,2019-04-13,12,KR,LCK Spring Playoffs 2019
S9,1910,2019-04-06,2019-04-13,6,JP,LJL Spring Playoffs 2019
S9,1863,2019-04-08,2019-04-11,25,EUW,EU Master 2019 Spring Play-In
S9,1959,2019-01-27,2019-04-07,73,IT,PG Nationals Spring 2019
S9,1966,2019-03-28,2019-04-06,13,OCE,OPL Split 1 Playoffs 2019
S9,1923,2019-03-21,2019-04-06,19,NA,NA Academy Spring Playoffs 2019
S9,1963,2019-01-22,2019-04-03,74,FR,LFL Spring 2019
S9,2054,2019-01-16,2019-03-31,208,KR,LCK Spring 2019
S9,1986,2019-01-17,2019-03-31,138,TW,LMS Spring 2019
S9,1952,2019-01-14,2019-03-31,292,CN,LPL Spring 2019
S9,2024,2019-01-30,2019-03-31,112,ES,LVP SLO Spring 2019
S9,1999,2019-02-14,2019-03-29,59,UK,LVP UKLC Spring 2019
S9,1936,2019-01-22,2019-03-27,79,PL,Ultraliga Season 1
S9,1870,2019-01-17,2019-03-24,134,VN,VCS Spring 2019
S9,1783,2019-02-16,2019-03-24,57,CIS,LCL Spring 2019
S9,1974,2019-03-23,2019-03-24,11,CZ,Hitpoint LEGENDS 3
S9,2150,2019-01-26,2019-03-24,91,NA,LCS Spring 2019
S9,2082,2019-01-12,2019-03-24,84,BR,CBLOL Summer 2019
S9,2067,2019-01-19,2019-03-24,84,LAT,LLA Opening 2019
S9,1921,2019-01-18,2019-03-23,84,OCE,OPL Split 1 2019
S9,1994,2019-01-19,2019-03-22,84,JP,LJL Spring 2019
S9,1935,2019-01-19,2019-03-18,91,TR,TCL Spring 2019
S9,1874,2019-02-17,2019-03-17,33,CZ,Hitpoint Masters Season 11
S9,1963,2019-01-18,2019-03-16,91,EUW,LEC Spring 2019
S9,2050,2019-01-18,2019-03-16,90,NA,NA Academy Spring 2019
S9,1891,2019-01-28,2019-03-13,56,PT,LPLOL Spring 2019
S9,2065,2018-12-26,2018-12-31,19,KR,Kespa Cup Playoffs 2018
S9,1969,2018-10-22,2018-12-23,105,PL,Ultraliga Season 0
S10,1819,2020-11-28,2020-12-06,23,CZ,Hitpoint Masters 2020 Winter Playoffs
S10,1868,2020-11-16,2020-11-22,14,PT,LPLOL Grand Final 2020
S10,1872,2020-10-18,2020-11-15,57,CZ,Hitpoint Masters Winter League 2020
S10,1892,2020-10-01,2020-11-15,46,DE,Prime League Grand Final 2020
S10,1963,2020-10-21,2020-11-15,51,WR,Iberian Cup 2020
S10,1921,2020-10-03,2020-10-31,76,WR,World Championship 2020
S10,1866,2020-10-06,2020-10-26,6,FR,LFL Finals 2020
S10,1599,2020-10-20,2020-10-20,5,ES,Iberian Cup 2020
S10,1737,2020-09-28,2020-10-01,18,FR,LFL Summer Playoffs 2020
S10,1945,2020-09-25,2020-09-30,38,WR,World Championship Play-In 2020
S10,2008,2020-07-28,2020-09-24,62,FR,LFL Summer 2020
S10,1854,2020-08-24,2020-09-20,69,WR,EU Masters Summer 2020
S10,1977,2020-09-07,2020-09-09,10,KR,LCK Regional Finals 2020
S10,2114,2020-08-13,2020-09-06,48,NA,LCS Summer Playoffs 2020
S10,1971,2020-08-21,2020-09-06,30,EUW,LEC Summer Playoffs 2020
S10,2076,2020-08-16,2020-09-06,25,JP,LJL Summer Playoffs 2020
S10,2049,2020-08-22,2020-09-05,14,BR,CBLOL Split 2 Playoffs 2020
S10,1805,2020-08-26,2020-09-05,14,KR,LCK Summer Playoffs 2020
S10,1970,2020-08-15,2020-09-05,21,TR,TCL Summer Playoffs 2020
S10,1926,2020-08-19,2020-09-05,34,VN,VCS Summer Playoffs 2020
S10,1885,2020-08-10,2020-09-04,19,ES,LVP SLO Summer Playoffs 2020
S10,2213,2020-08-24,2020-08-31,10,KR,CK Summer Playoffs 2020
S10,1764,2020-08-15,2020-08-30,10,CIS,LCL Summer Playoffs 2020
S10,2048,2020-08-28,2020-08-30,12,CN,LPL Regional Finals 2020
S10,2109,2020-08-13,2020-08-30,38,PCS,PCS Summer Playoffs 2020
S10,2092,2020-08-15,2020-08-29,14,LAT,LLA Closing Playoffs 2020
S10,2004,2020-08-14,2020-08-28,23,OCE,OPL Split 2 Playoffs 2020
S10,1910,2020-08-14,2020-08-28,18,NA,NA Academy Summer Playoffs 2020
S10,1899,2020-08-13,2020-08-27,30,CN,LPL Summer Playoffs 2020
S10,1909,2020-06-17,2020-08-23,211,KR,LCK Summer 2020
S10,1867,2020-08-17,2020-08-20,61,WR,EU Masters Summer Play-In 2020
S10,1992,2020-06-18,2020-08-20,134,KR,CK Summer 2020
S10,1890,2020-08-13,2020-08-16,15,FR,LFL EM Qualification 2020
S10,1772,2020-08-05,2020-08-16,14,DE,Prime League Summer Playoffs 2020
S10,1980,2020-08-16,2020-08-16,8,PL,Ultraliga Season 5 Promotion Tournament
S10,1881,2020-06-19,2020-08-16,135,VN,VCS Summer 2020
S10,2020,2020-08-10,2020-08-15,12,BR,BRCC Split 2 Playoffs 2020
S10,1966,2020-06-09,2020-08-12,78,PL,Ultraliga Season 4
S10,1960,2020-06-06,2020-08-09,84,BR,CBLOL Split 2 2020
S10,1830,2020-06-20,2020-08-09,57,CIS,LCL Summer 2020
S10,2060,2020-06-12,2020-08-09,91,NA,LCS Summer 2020
S10,2015,2020-06-12,2020-08-09,90,EUW,LEC Summer 2020
S10,2062,2020-06-20,2020-08-09,66,LAT,LLA Closing 2020
S10,1933,2020-06-05,2020-08-09,335,CN,LPL Summer 2020
S10,1915,2020-06-05,2020-08-08,84,OCE,OPL Split 2 2020
S10,2014,2020-06-11,2020-08-07,90,NA,NA Academy Summer 2020
S10,2007,2020-06-15,2020-08-06,91,ES,LVP SLO Summer 2020
S10,1915,2020-06-13,2020-08-05,57,JP,LJL Summer 2020
S10,1909,2020-05-27,2020-08-02,91,IT,PG Nationals Summer 2020
S10,1886,2020-06-06,2020-08-02,91,TR,TCL Summer 2020
S10,1945,2020-06-20,2020-08-01,90,PCS,PCS Summer 2020
S10,1953,2020-06-09,2020-07-30,90,DE,Prime League Summer 2020
S10,2017,2020-06-08,2020-07-28,45,BR,BRCC Split 2 2020
S10,1908,2020-06-21,2020-07-26,55,CZ,Hitpoint Masters Season 14
S10,1917,2020-06-08,2020-07-14,56,PT,LPLOL Summer 2020
S10,1853,2020-04-12,2020-06-07,52,RO,REL Season 2
S10,2051,2020-05-28,2020-05-31,25,WR,Mid-Season Cup 2020
S10,1944,2020-05-07,2020-05-30,20,WR,Mid-Season Showdown 2020
S10,1883,2020-05-19,2020-05-19,5,BR,CBLOL Split 2 Promotion 2020
S10,1880,2020-05-11,2020-05-16,10,BR,BRCC Split 1 Playoffs 2020
S10,1963,2020-04-22,2020-05-10,71,WR,EU Masters Spring 2020
S10,1898,2020-04-27,2020-05-10,18,TR,TCL Spring Playoffs 2020
S10,1975,2020-05-02,2020-05-09,9,BR,CBLOL Split 1 Playoffs 2020
S10,2040,2020-02-03,2020-05-06,45,BR,BRCC Split 1 2020
S10,2057,2020-03-21,2020-05-04,26,JP,LJL Spring Playoffs 2020
S10,2018,2020-04-10,2020-05-03,40,PCS,PCS Spring Playoffs 2020
S10,2276,2020-04-25,2020-05-02,13,LAT,LLA Opening Playoffs 2020
S10,2005,2020-04-22,2020-05-02,31,CN,LPL Spring Playoffs 2020
S10,1854,2020-04-28,2020-04-30,12,KR,LCK Summer Promotion 2020
S10,2045,2020-01-25,2020-04-26,84,BR,CBLOL Split 1 2020
S10,2023,2020-04-18,2020-04-26,9,CIS,LCL Spring Playoffs 2020
S10,2080,2020-04-18,2020-04-25,15,KR,LCK Spring Playoffs 2020
S10,1876,2020-04-10,2020-04-24,26,OCE,OPL Split 1 Playoffs 2020
S10,1978,2020-02-06,2020-04-23,151,KR,CK Spring 2020
S10,1949,2020-01-13,2020-04-20,330,CN,LPL Spring 2020
S10,2001,2020-04-04,2020-04-19,31,NA,LCS Spring Playoffs 2020
S10,1990,2020-04-03,2020-04-19,31,EUW,LEC Spring Playoffs 2020
S10,2216,2020-02-15,2020-04-19,66,LAT,LLA Opening 2020
S10,1906,2020-04-10,2020-04-18,14,VN,VCS Spring Playoffs 2020
S10,2069,2020-04-02,2020-04-17,17,NA,NA Academy Spring Playoffs 2020
S10,2018,2020-02-05,2020-04-16,223,KR,LCK Spring 2020
S10,1980,2020-02-01,2020-04-14,73,TR,TCL Spring 2020
S10,1908,2020-02-22,2020-04-12,58,CIS,LCL Spring 2020
S10,2047,2020-04-06,2020-04-09,59,WR,EU Masters Spring Play-In 2020
S10,1945,2020-01-21,2020-04-09,71,FR,LFL Spring 2020
S10,1966,2020-02-29,2020-04-05,92,PCS,PCS Spring 2020
S10,1831,2020-01-31,2020-04-05,137,VN,VCS Spring 2020
S10,1917,2020-01-31,2020-04-04,84,OCE,OPL Split 1 2020
S10,2083,2020-01-23,2020-04-02,109,ES,LVP SLO Spring 2020
S10,2033,2020-01-28,2020-04-01,78,PL,Ultraliga Season 3
S10,2059,2020-01-25,2020-03-30,94,NA,LCS Spring 2020
S10,1867,2020-03-15,2020-03-29,21,CZ,Hitpoint Masters Season 13 Playoffs - Legends
S10,1928,2020-01-22,2020-03-29,75,IT,PG Nationals Spring 2020
S10,1981,2020-01-21,2020-03-29,109,DE,Prime League Spring 2020
S10,2025,2020-01-24,2020-03-28,90,EUW,LEC Spring 2020
S10,2068,2020-01-25,2020-03-27,90,NA,NA Academy Spring 2020
S10,2045,2020-01-18,2020-03-22,70,PT,LPLOL Spring 2020
S10,2142,2020-02-08,2020-03-12,57,JP,LJL Spring 2020
S10,1961,2020-01-26,2020-03-08,56,CZ,Hitpoint Masters Season 13
S10,1905,2019-12-23,2020-01-05,46,KR,Kespa Cup 2019
S10,1878,2019-12-21,2019-12-29,72,CN,Demacia Cup 2019
S11,1871,2021-12-22,2021-12-26,17,VN,VCS Winter Playoffs 2021
S11,1789,2021-11-16,2021-12-17,131,VN,VCS Winter 2021
S11,1859,2021-11-22,2021-12-07,24,GR,GLL Winter Playoffs 2021
S11,1885,2021-10-11,2021-11-16,56,GR,GLL Winter 2021
S11,1846,2021-10-03,2021-11-14,49,DE,Prime League Winter Cup 2021
S11,1973,2021-10-30,2021-11-13,25,PT,LPLOL Grand Final 2021
S11,2064,2021-10-11,2021-11-06,83,WR,World Championship 2021
S11,1801,2021-10-05,2021-10-09,38,WR,World Championship Play-In 2021
S11,1846,2021-08-27,2021-10-04,10,FR,LFL Finals 2021
S11,1884,2021-09-02,2021-09-26,86,NA,LCS Proving Grounds Summer 2021
S11,1847,2021-09-20,2021-09-24,18,FR,LFL Promotion 2021
S11,1862,2021-08-30,2021-09-19,78,WR,EU Masters Summer 2021
S11,1730,2021-09-08,2021-09-09,9,JP,LJL Academy Playoffs 2021
S11,1995,2021-08-30,2021-09-07,30,JP,LJL Academy 2021
S11,2046,2021-08-08,2021-09-05,20,JP,LJL Summer Playoffs 2021
S11,1915,2021-09-03,2021-09-05,10,CN,LPL Regional Finals 2021
S11,1830,2021-08-07,2021-09-04,19,BR,CBLOL Split 2 Playoffs 2021
S11,1928,2021-08-13,2021-09-04,25,CIS,LCL Summer Playoffs 2021
S11,1959,2021-08-14,2021-09-04,20,TR,TCL Summer Playoffs 2021
S11,1980,2021-08-31,2021-09-02,12,KR,LCK Regional Finals 2021
S11,2041,2021-08-12,2021-09-02,46,CN,LPL Summer Playoffs 2021
S11,1967,2021-08-17,2021-08-31,20,OCE,LCO Split 2 Playoffs 2021
S11,1965,2021-08-07,2021-08-29,47,NA,LCS Championship 2021
S11,1872,2021-08-13,2021-08-29,34,EUW,LEC Summer Playoffs 2021
S11,1887,2021-08-12,2021-08-29,40,PCS,PCS Summer Playoffs 2021
S11,1914,2021-08-10,2021-08-28,18,BR,CBLOL Academy Split 2 Playoffs 2021
S11,2101,2021-08-18,2021-08-28,18,KR,LCK Summer Playoffs 2021
S11,2010,2021-08-14,2021-08-28,13,LAT,LLA Closing Playoffs 2021
S11,2067,2021-08-16,2021-08-27,23,KR,LCK CL Summer Playoffs 2021
S11,1972,2021-08-23,2021-08-26,16,FR,LFL Div2 Summer Playoffs 2021
S11,1828,2021-08-16,2021-08-19,63,WR,EU Masters Summer Play-In 2021
S11,2080,2021-08-05,2021-08-19,24,NA,NA Academy Summer Playoffs 2021
S11,1914,2021-06-14,2021-08-17,90,FR,LFL Div2 Summer 2021
S11,2016,2021-06-09,2021-08-15,226,KR,LCK Summer 2021
S11,2033,2021-08-04,2021-08-12,16,FR,LFL Summer Playoffs 2021
S11,1796,2021-08-02,2021-08-12,21,ES,LVP Summer Playoffs 2021
S11,1879,2021-08-07,2021-08-11,14,LT,Baltic Masters Summer Playoffs 2021
S11,1925,2021-06-15,2021-08-11,84,OCE,LCO Split 2 2021
S11,2158,2021-07-27,2021-08-11,24,PL,Ultraliga Season 6 Playoffs
S11,1991,2021-07-27,2021-08-10,16,NL,Dutch League Summer Playoffs 2021
S11,2012,2021-06-07,2021-08-10,92,KR,LCK CL Summer 2021
S11,1879,2021-07-26,2021-08-09,17,BE,Belgian League Summer Playoffs 2021
S11,1807,2021-07-22,2021-08-08,31,CZ,Hitpoint Masters Summer Playoffs 2021
S11,1854,2021-06-26,2021-08-08,55,CIS,LCL Summer 2021
S11,1986,2021-06-19,2021-08-08,66,LAT,LLA Closing 2021
S11,1866,2021-06-07,2021-08-08,328,CN,LPL Summer 2021
S11,2017,2021-07-27,2021-08-08,22,EUW,NLC Summer Playoffs 2021
S11,1809,2021-07-09,2021-08-08,93,PCS,PCS Summer 2021
S11,1791,2021-07-27,2021-08-08,17,DE,Prime League Summer Playoffs 2021
S11,1952,2021-06-12,2021-08-08,92,TR,TCL Summer 2021
S11,1846,2021-07-20,2021-08-07,30,IT,PG Nationals Summer Playoffs 2021
S11,1919,2021-06-08,2021-08-04,90,BR,CBLOL Academy Split 2 2021
S11,2009,2021-06-19,2021-08-04,58,JP,LJL Summer 2021
S11,2008,2021-07-26,2021-08-03,15,PT,LPLOL Summer Playoffs 2021
S11,1943,2021-06-05,2021-08-01,90,BR,CBLOL Split 2 2021
S11,1974,2021-06-04,2021-08-01,135,NA,LCS Summer 2021
S11,1927,2021-06-11,2021-08-01,90,EUW,LEC Summer 2021
S11,1804,2021-06-14,2021-07-30,58,RS,EBL Season 9
S11,1833,2021-06-02,2021-07-29,180,NA,NA Academy Summer 2021
S11,1978,2021-05-31,2021-07-29,90,ES,LVP SL Summer 2021
S11,1948,2021-06-08,2021-07-28,85,FR,LFL Summer 2021
S11,1848,2021-07-12,2021-07-27,23,GR,GLL Summer Playoffs 2021
S11,1818,2021-06-01,2021-07-22,91,DE,Prime League Summer 2021
S11,1924,2021-06-07,2021-07-21,57,PT,LPLOL Summer 2021
S11,1923,2021-06-08,2021-07-21,57,PL,Ultraliga Season 6
S11,1852,2021-06-15,2021-07-20,30,LT,Baltic Masters Summer 2021
S11,1897,2021-06-01,2021-07-20,30,NL,Dutch League Summer 2021
S11,1884,2021-06-02,2021-07-20,96,EUW,NLC Summer 2021
S11,1867,2021-05-31,2021-07-19,30,BE,Belgian League Summer 2021
S11,1862,2021-06-17,2021-07-18,56,CZ,Hitpoint Masters 2021 Summer
S11,1818,2021-06-01,2021-07-08,57,IT,PG Nationals Summer 2021
S11,1780,2021-05-31,2021-07-06,55,GR,GLL Summer 2021
S11,2074,2021-06-23,2021-07-03,14,CZ,Hitpoint Challengers 2021 Summer
S11,1804,2021-05-06,2021-05-23,81,WR,MSI 2021
S11,1941,2021-04-14,2021-05-02,70,WR,EU Masters Spring 2021
S11,1907,2021-03-31,2021-04-25,80,NA,LCS Proving Grounds Spring 2021
S11,1867,2021-03-27,2021-04-18,22,BR,CBLOL Split 1 Playoffs 2021
S11,1859,2021-04-01,2021-04-18,48,CN,LPL Spring Playoffs 2021
S11,1940,2021-04-01,2021-04-18,37,PCS,PCS Spring Playoffs 2021
S11,1768,2021-04-10,2021-04-18,16,VN,VCS Spring Playoffs 2021
S11,1915,2021-03-30,2021-04-17,23,BR,CBLOL Academy Split 1 Playoffs 2021
S11,2119,2021-04-03,2021-04-17,11,CIS,LCL Spring Playoffs 2021
S11,1882,2021-04-03,2021-04-17,22,TR,TCL Spring Playoffs 2021
S11,2019,2021-03-20,2021-04-11,31,NA,LCS Mid-Season Showdown 2021
S11,2011,2021-03-26,2021-04-11,33,EUW,LEC Spring Playoffs 2021
S11,1841,2021-03-14,2021-04-11,24,JP,LJL Spring Playoffs 2021
S11,2122,2021-03-31,2021-04-10,18,KR,LCK Spring Playoffs 2021
S11,2012,2021-03-30,2021-04-10,22,OCE,LCO Split 1 Playoffs 2021
S11,2047,2021-03-28,2021-04-10,13,LAT,LLA Opening Playoffs 2021
S11,1782,2021-03-29,2021-04-09,18,KR,LCK CL Spring Playoffs 2021
S11,1824,2021-01-22,2021-04-04,143,VN,VCS Spring 2021
S11,1822,2021-03-29,2021-04-01,58,WR,EU Masters Spring Play-In 2021
S11,1977,2021-01-13,2021-03-28,215,KR,LCK Spring 2021
S11,1953,2021-02-13,2021-03-28,58,CIS,LCL Spring 2021
S11,1844,2021-01-09,2021-03-28,306,CN,LPL Spring 2021
S11,1683,2021-03-20,2021-03-27,10,RS,EBL Season 8 Playoffs
S11,1780,2021-02-23,2021-03-27,57,OCE,LCO Split 1 2021
S11,1829,2021-03-17,2021-03-25,15,FR,LFL Spring Playoffs 2021
S11,2119,2021-03-15,2021-03-25,18,ES,LVP SL Spring Playoffs 2021
S11,1789,2021-03-10,2021-03-24,32,CZ,Hitpoint Challengers 2021 Spring Playoffs
S11,1987,2021-01-19,2021-03-24,81,PL,Ultraliga Season 5
S11,1880,2021-03-09,2021-03-23,15,NL,Dutch League Spring Playoffs 2021
S11,1896,2021-03-01,2021-03-23,24,GR,GLL 2021 Spring Playoffs
S11,1930,2021-01-18,2021-03-23,93,KR,LCK CL Spring 2021
S11,1987,2021-03-08,2021-03-22,16,BE,Belgian League Spring Playoffs 2021
S11,2080,2021-01-30,2021-03-22,67,LAT,LLA Opening 2021
S11,1909,2021-03-04,2021-03-21,35,CZ,Hitpoint Masters 2021 Spring Playoffs
S11,1768,2021-03-15,2021-03-21,10,PT,LPLOL Spring Playoffs 2021
S11,1860,2021-03-02,2021-03-21,27,EUW,NLC Spring Playoffs 2021
S11,1795,2021-02-19,2021-03-21,91,PCS,PCS Spring 2021
S11,1908,2021-03-01,2021-03-21,33,IT,PG Nationals Spring Playoffs 2021
S11,1950,2021-03-09,2021-03-21,18,DE,Prime League Spring Playoffs 2021
S11,1888,2021-01-23,2021-03-21,91,TR,TCL Spring 2021
S11,1996,2021-01-19,2021-03-17,90,BR,CBLOL Academy Split 1 2021
S11,1909,2021-01-16,2021-03-14,90,BR,CBLOL Split 1 2021
S11,1840,2021-01-25,2021-03-14,59,RS,EBL Season 8
S11,2038,2021-02-05,2021-03-14,90,NA,LCS Spring 2021
S11,1983,2021-01-22,2021-03-14,90,EUW,LEC Spring 2021
S11,1930,2021-01-19,2021-03-11,91,FR,LFL Spring 2021
S11,2005,2021-01-23,2021-03-11,57,JP,LJL Spring 2021
S11,2021,2021-01-18,2021-03-11,92,ES,LVP Superliga Spring 2021
S11,1919,2021-01-25,2021-03-10,57,PT,LPLOL Spring 2021
S11,1892,2021-03-02,2021-03-09,13,LT,Baltic Masters Spring Playoffs 2021
S11,1920,2021-02-03,2021-03-06,57,CZ,Hitpoint Challengers 2021 Spring
S11,1838,2021-01-19,2021-03-04,90,DE,Prime League Spring 2021
S11,1912,2021-01-12,2021-03-02,30,NL,Dutch League Spring 2021
S11,1890,2021-01-11,2021-03-01,30,BE,Belgian League Spring 2021
S11,1920,2021-01-27,2021-02-28,57,CZ,Hitpoint Masters 2021 Spring
S11,1785,2021-01-26,2021-02-25,31,LT,Baltic Masters Spring 2021
S11,1965,2021-01-19,2021-02-25,64,EUW,NLC Spring 2021
S11,1833,2021-01-13,2021-02-25,57,IT,PG Nationals Spring 2021
S11,1885,2021-01-18,2021-02-23,57,GR,GLL 2021 Spring
S11,1987,2021-01-20,2021-02-17,45,NA,NA Academy Spring 2021
S11,1842,2021-01-15,2021-01-31,42,NA,LCS Lock In 2021
S11,1933,2020-12-21,2021-01-02,33,KR,KeSPA Cup 2020
S11,1867,2020-12-21,2020-12-27,65,CN,Demacia Cup 2020
S11,1794,2020-11-01,2020-11-15,34,PL,Trinity Force Puchar Polski
S12,1900,2022-10-07,2022-11-05,80,WR,World Championship 2022
S12,1869,2022-09-29,2022-10-04,47,WR,World Championship Play-In 2022
S12,1831,2022-08-29,2022-09-25,77,WR,EU Masters Summer 2022
S12,1967,2022-09-12,2022-09-20,19,FR,LFL Promotion 2023
S12,2025,2022-08-20,2022-09-11,55,NA,LCS Championship 2022
S12,2027,2022-08-26,2022-09-11,31,EUW,LEC Summer Playoffs 2022
S12,1924,2022-08-15,2022-09-10,15,BR,CBLOL Academy Split 2 Playoffs 2022
S12,1933,2022-08-20,2022-09-10,21,TR,TCL Summer Playoffs 2022
S12,1997,2022-08-15,2022-09-04,22,OCE,LCO Split 2 Playoffs 2022
S12,1983,2022-08-24,2022-09-04,23,JP,LJL Summer Playoffs 2022
S12,2241,2022-09-02,2022-09-04,14,CN,LPL Regional Finals 2022
S12,2049,2022-08-18,2022-09-04,45,PCS,PCS Summer Playoffs 2022
S12,1792,2022-08-24,2022-09-04,22,VN,VCS Summer Playoffs 2022
S12,1950,2022-08-12,2022-09-03,31,BR,CBLOL Split 2 Playoffs 2022
S12,1972,2022-09-01,2022-09-03,14,KR,LCK Regionals Finals 2022
S12,2041,2022-08-16,2022-09-01,51,CN,LPL Summer Playoffs 2022
S12,1935,2022-08-03,2022-08-31,90,NA,LCS Proving Grounds Summer 2022
S12,2080,2022-08-17,2022-08-28,21,KR,LCK Summer Playoffs 2022
S12,1826,2022-08-24,2022-08-27,58,WR,EU Masters Summer Play-In 2022
S12,2020,2022-08-05,2022-08-27,33,LAT,LLA Closing Playoffs 2022
S12,1954,2022-08-15,2022-08-26,25,KR,LCK CL Summer Playoffs 2022
S12,1929,2022-08-07,2022-08-21,16,CZ,Hitpoint Masters Summer Playoffs 2022
S12,1852,2022-07-07,2022-08-21,139,VN,VCS Summer 2022
S12,1976,2022-08-01,2022-08-20,24,EUW,NLC Summer Playoffs 2022
S12,2038,2022-08-02,2022-08-20,23,DE,Prime League Summer Playoffs 2022
S12,1903,2022-08-01,2022-08-20,24,ES,LVP SL Summer Playoffs 2022
S12,1939,2022-08-03,2022-08-18,24,FR,LFL Summer Playoffs 2022
S12,1936,2022-06-24,2022-08-17,84,JP,LJL Summer 2022
S12,1970,2022-08-15,2022-08-17,13,TR,Turkey Academy Summer Playoffs 2022
S12,1915,2022-08-02,2022-08-17,22,PL,Ultraliga Season 8 Playoffs
S12,1924,2022-08-01,2022-08-16,20,FR,LFL Div2 Summer Playoffs 2022
S12,2114,2022-08-02,2022-08-16,25,ES,LVP2 Summer Playoffs 2022
S12,1978,2022-06-15,2022-08-14,214,KR,LCK Summer 2022
S12,1982,2022-06-17,2022-08-14,91,NA,LCS Summer 2022
S12,2012,2022-06-17,2022-08-14,92,EUW,LEC Summer 2022
S12,1876,2022-06-10,2022-08-14,343,CN,LPL Summer 2022
S12,1853,2022-06-11,2022-08-14,91,TR,TCL Summer 2022
S12,2073,2022-07-25,2022-08-13,16,RS,EBL Summer Playoffs 2022
S12,1992,2022-06-13,2022-08-12,180,KR,LCK CL Summer 2022
S12,1819,2022-06-09,2022-08-12,90,TR,Turkey Academy Summer 2022
S12,1996,2022-06-13,2022-08-09,90,BR,CBLOL Academy Split 2 2022
S12,1807,2022-06-06,2022-08-09,84,OCE,LCO Split 2 2022
S12,1972,2022-06-11,2022-08-07,90,BR,CBLOL Split 2 2022
S12,2033,2022-07-31,2022-08-07,17,BE,Elite Series Summer Playoffs 2022
S12,2074,2022-07-27,2022-08-07,17,PT,LPLOL Summer Playoffs 2022
S12,1814,2022-07-01,2022-08-07,92,PCS,PCS Summer 2022
S12,2011,2022-07-26,2022-08-07,15,IT,PG Nationals Summer Playoffs 2022
S12,1833,2022-07-18,2022-07-31,13,GR,GLL Summer Playoffs 2022
S12,1909,2022-06-11,2022-07-31,57,LAT,LLA Closing 2022
S12,1888,2022-05-31,2022-07-31,91,DE,Prime League Summer 2022
S12,1958,2022-06-08,2022-07-29,180,NA,NA Academy Summer 2022
S12,1848,2022-06-06,2022-07-28,56,CZ,Hitpoint Masters Summer 2022
S12,1994,2022-06-01,2022-07-28,90,FR,LFL Summer 2022
S12,2005,2022-05-30,2022-07-28,90,ES,LVP SL Summer 2022
S12,1959,2022-05-30,2022-07-27,90,EUW,NLC Summer 2022
S12,1915,2022-05-31,2022-07-27,90,ES,LVP2 Summer 2022
S12,1956,2022-05-31,2022-07-27,90,PL,Ultraliga Season 8
S12,1928,2022-05-30,2022-07-26,90,FR,LFL Div2 Summer 2022
S12,1878,2022-06-06,2022-07-25,56,PT,LPLOL Summer 2022
S12,1864,2022-06-06,2022-07-21,56,RS,EBL Summer 2022
S12,1939,2022-06-06,2022-07-20,57,BE,Elite Series Summer 2022
S12,1870,2022-06-07,2022-07-20,56,IT,PG Nationals Summer 2022
S12,1937,2022-05-30,2022-07-12,56,GR,GLL Summer 2022
S12,1753,2022-05-10,2022-05-29,77,WR,MSI 2022
S12,1916,2022-04-14,2022-05-07,74,WR,EU Masters Spring 2022
S12,1917,2022-04-02,2022-04-24,29,NA,LCS Spring Playoffs 2022
S12,1849,2022-04-16,2022-04-24,12,VN,VCS Spring Playoffs 2022
S12,2039,2022-03-25,2022-04-23,32,BR,CBLOL Split 1 Playoffs 2022
S12,1960,2022-03-26,2022-04-23,51,CN,LPL Spring Playoffs 2022
S12,1906,2022-03-31,2022-04-17,45,PCS,PCS Spring Playoffs 2022
S12,1982,2022-04-05,2022-04-16,20,BR,CBLOL Academy Split 1 Playoffs 2022
S12,2057,2022-03-18,2022-04-16,31,LAT,LLA Opening Playoffs 2022
S12,1873,2022-03-16,2022-04-15,90,NA,LCS Proving Grounds Spring 2022
S12,1753,2022-02-11,2022-04-13,132,VN,VCS Spring 2022
S12,1933,2022-03-28,2022-04-11,22,OCE,LCO Sprit 1 Playoffs 2022
S12,1923,2022-03-25,2022-04-10,30,EUW,LEC Spring Playoffs 2022
S12,2030,2022-03-30,2022-04-10,24,JP,LJL Spring Playoffs 2022
S12,1985,2022-03-26,2022-04-09,20,TR,TCL Winter Playoffs 2022
S12,1861,2022-04-04,2022-04-07,58,WR,EU Masters Spring Play-In 2022
S12,2016,2022-03-21,2022-04-05,23,FR,LFL Div2 Spring Playoffs 2022
S12,2013,2022-03-23,2022-04-02,20,KR,LCK Spring Playoffs 2022
S12,1913,2022-03-21,2022-04-01,23,KR,LCK CL Spring Playoffs 2022
S12,2080,2022-03-16,2022-03-31,24,FR,LFL Spring Playoffs 2022
S12,1851,2022-03-14,2022-03-30,21,EUW,NLC Spring Playoffs 2022
S12,1897,2022-03-14,2022-03-30,21,ES,LVP SL Spring Playoffs 2022
S12,1840,2022-03-15,2022-03-30,22,PL,Ultraliga Season 7 Playoffs
S12,2005,2022-02-05,2022-03-27,92,NA,LCS Spring 2022
S12,1859,2022-02-11,2022-03-25,84,JP,LJL Spring 2022
S12,1886,2022-01-10,2022-03-25,341,CN,LPL Spring 2022
S12,1910,2022-01-25,2022-03-23,90,BR,CBLOL Academy Split 1 2022
S12,1806,2022-03-21,2022-03-23,12,TR,Turkey Academy Winter Playoffs 2022
S12,1764,2022-01-24,2022-03-22,84,OCE,LCO Split 1 2022
S12,1961,2022-01-22,2022-03-20,90,BR,CBLOL Split 1 2022
S12,1849,2022-03-07,2022-03-20,14,GR,GLL Spring Playoffs 2022
S12,2029,2022-03-10,2022-03-20,16,CZ,Hitpoint Masters Spring Playoffs 2022
S12,2047,2022-01-12,2022-03-20,213,KR,LCK Spring 2022
S12,1781,2022-02-11,2022-03-20,91,PCS,PCS Spring 2022
S12,1934,2022-03-08,2022-03-20,14,IT,PG Nationals Spring Playoffs 2022
S12,1938,2022-03-01,2022-03-20,20,DE,Prime League Spring Playoffs 2022
S12,1932,2022-01-22,2022-03-20,91,TR,TCL Winter 2022
S12,1910,2022-03-07,2022-03-19,14,RS,EBL Spring Playoffs 2022
S12,1900,2022-03-11,2022-03-19,17,BE,Elite Series Spring Playoffs 2022
S12,1776,2022-01-10,2022-03-19,181,KR,LCK CL Spring 2022
S12,1922,2022-03-09,2022-03-19,17,PT,LPLOL Spring Playoffs 2022
S12,1915,2022-01-20,2022-03-18,93,TR,Turkey Academy Winter 2022
S12,1972,2022-01-17,2022-03-15,90,FR,LFL Div2 Spring 2022
S12,2018,2022-01-29,2022-03-13,58,LAT,LLA Opening 2022
S12,1886,2022-01-19,2022-03-11,180,NA,NA Academy Spring 2022
S12,2032,2022-01-12,2022-03-10,90,FR,LFL Spring 2022
S12,1982,2022-01-10,2022-03-10,90,ES,LVP SL Spring 2022
S12,1923,2022-01-10,2022-03-09,90,EUW,NLC Spring 2022
S12,1917,2022-01-11,2022-03-09,90,PL,Ultraliga Season 7
S12,1986,2022-01-14,2022-03-06,90,EUW,LEC Spring 2022
S12,1875,2022-01-17,2022-03-03,56,RS,EBL Spring 2022
S12,1839,2022-01-17,2022-03-03,56,CZ,Hitpoint Masters Spring 2022
S12,1983,2022-01-17,2022-03-02,56,BE,Elite Series Spring 2022
S12,1895,2022-01-17,2022-03-02,56,PT,LPLOL Spring 2022
S12,1994,2022-01-18,2022-03-02,56,IT,PG Nationals Spring 2022
S12,1870,2022-01-17,2022-03-01,56,GR,GLL Spring 2022
S12,1934,2022-01-11,2022-02-24,90,DE,Prime League Spring 2022
S12,1787,2022-02-12,2022-02-20,16,CIS,LCL Spring 2022
S12,1912,2022-01-14,2022-01-30,39,NA,LCS Lock In 2022
S12,1895,2021-12-17,2021-12-26,66,CN,Demacia Cup 2021
S12,1795,2021-12-10,2021-12-12,39,KR,Kespa Cup 2021
S13,1869,2023-10-19,2023-11-19,79,WR,Worlds Main Event 2023
S13,1933,2023-10-10,2023-10-15,31,WR,Worlds Play-In 2023
S13,1688,2023-10-09,2023-10-09,3,WR,Worlds Qualifying Series 2023
S13,1920,2023-09-19,2023-09-22,14,WR,LFL Promotion 2024
S13,1891,2023-09-11,2023-09-22,22,WR,SuperLiga Promotion 2024
S13,1859,2023-09-12,2023-09-21,18,WR,Prime League Promotion 2024
S13,1895,2023-09-18,2023-09-18,4,FR,LFL Promotion 2024
S13,1785,2023-08-19,2023-09-10,33,EUW,LEC Season Finals 2023
S13,2013,2023-08-11,2023-09-09,32,BR,CBLOL Split 2 Playoffs 2023
S13,1978,2023-08-11,2023-09-09,47,WR,PCS Summer Playoffs 2023
S13,1839,2023-08-12,2023-09-09,43,VN,VCS Summer Playoffs 2023
S13,1824,2023-08-21,2023-09-08,77,WR,EMEA Masters Summer 2023
S13,2122,2023-08-14,2023-09-02,34,BR,CBLOL Academy Split 2 Playoffs 2023
S13,1886,2023-08-24,2023-08-26,11,KR,LCK Regional Finals 2023
S13,1930,2023-07-25,2023-08-26,34,LAT,LLA Closing Playoffs 2023
S13,1891,2023-08-07,2023-08-22,31,KR,LCK CL Summer Playoffs 2023
S13,1910,2023-08-08,2023-08-20,31,KR,LCK Summer Playoffs 2023
S13,1913,2023-07-27,2023-08-20,49,NA,LCS Championship 2023
S13,1838,2023-07-22,2023-08-20,40,JP,LJL Summer Playoffs 2023
S13,1840,2023-08-14,2023-08-17,60,WR,EMEA Masters Play-In Summer 2023
S13,1917,2023-07-31,2023-08-13,26,FR,LFL Div2 Summer Playoffs 2023
S13,2053,2023-07-26,2023-08-12,15,RS,EBL Summer Playoffs 2023
S13,1849,2023-08-01,2023-08-12,15,BE,Elite Series Summer Playoffs 2023
S13,1842,2023-07-26,2023-08-12,20,DE,Prime League Summer Playoffs 2023
S13,1942,2023-07-25,2023-08-12,24,ES,SuperLiga Summer Playoffs 2023
S13,2006,2023-07-25,2023-08-12,25,TR,TCL Summer Playoffs 2023
S13,1881,2023-07-25,2023-08-12,23,PL,Ultraliga Season 10 Playoffs 2023
S13,1909,2023-08-08,2023-08-11,17,AL,Arabian League Summer Playoffs 2023
S13,1864,2023-08-02,2023-08-11,22,FR,LFL Summer Playoffs 2023
S13,1839,2023-07-31,2023-08-11,25,ES,SuperLiga 2nd Div Summer Playoffs 2023
S13,1979,2023-07-22,2023-08-09,39,NA,NACL Summer Playoffs 2023
S13,1680,2023-07-31,2023-08-09,26,DE,Prime League 2nd Div Summer Playoffs 2023
S13,1922,2023-06-12,2023-08-08,90,BR,CBLOL Academy Split 2 2023
S13,1641,2023-08-06,2023-08-08,13,CN,LPL Regional Finals 2023
S13,1799,2023-06-30,2023-08-07,91,PCS,PCS Summer 2023
S13,1982,2023-06-10,2023-08-06,90,BR,CBLOL Split 2 2023
S13,1865,2023-06-07,2023-08-06,206,KR,LCK Summer 2023
S13,1818,2023-06-23,2023-08-06,102,VN,VCS Summer 2023
S13,1828,2023-07-18,2023-08-05,17,GR,GLL Summer Playoffs 2023
S13,1845,2023-07-25,2023-08-05,14,CZ,Hitpoint Masters Summer Playoffs 2023
S13,1858,2023-07-20,2023-08-05,52,CN,LPL Summer Playoffs 2023
S13,1776,2023-07-20,2023-08-05,16,PT,LPLOL Summer Playoffs 2023
S13,1956,2023-07-25,2023-08-05,16,EUW,NLC Summer Playoffs 2023
S13,1912,2023-07-26,2023-08-05,15,IT,PG Nationals Summer Playoffs 2023
S13,1878,2023-06-05,2023-08-04,218,KR,LCK CL Summer 2023
S13,1800,2023-07-17,2023-07-30,20,OCE,LCO Split 2 Playoffs 2023
S13,1844,2023-07-24,2023-07-30,16,EUW,LEC Summer Playoffs 2023
S13,1910,2023-05-31,2023-07-27,91,FR,LFL Summer 2023
S13,1759,2023-06-13,2023-07-26,56,AL,Arabian League Summer 2023
S13,1913,2023-07-15,2023-07-23,22,EUW,LEC Summer Groups 2023
S13,1867,2023-06-07,2023-07-21,56,RS,EBL Summer 2023
S13,1756,2023-06-06,2023-07-21,56,CZ,Hitpoint Masters Summer 2023
S13,1877,2023-06-14,2023-07-21,92,NA,LCS Summer 2023
S13,1847,2023-05-23,2023-07-21,91,FR,LFL Div2 Summer 2023
S13,1770,2023-06-08,2023-07-21,56,IT,PG Nationals Summer 2023
S13,1943,2023-06-01,2023-07-21,89,DE,Prime League Summer 2023
S13,1898,2023-05-31,2023-07-21,90,ES,SuperLiga 2nd Div Summer 2023
S13,1883,2023-06-14,2023-07-21,56,TR,TCL Summer 2023
S13,1862,2023-06-06,2023-07-20,56,BE,Elite Series Summer 2023
S13,1922,2023-05-29,2023-07-20,91,ES,SuperLiga Summer 2023
S13,1813,2023-05-29,2023-07-20,90,PL,Ultraliga Season 10 2023
S13,1942,2023-06-06,2023-07-19,61,LAT,LLA Closing 2023
S13,1856,2023-06-06,2023-07-19,56,EUW,NLC Summer 2023
S13,1732,2023-05-29,2023-07-18,90,DE,Prime League 2nd Div Summer 2023
S13,1817,2023-05-29,2023-07-17,324,CN,LPL Summer 2023
S13,1858,2023-06-10,2023-07-17,180,NA,NACL Summer 2023
S13,1830,2023-06-10,2023-07-16,67,JP,LJL Summer 2023
S13,1861,2023-06-05,2023-07-14,56,PT,LPLOL Summer 2023
S13,1856,2023-06-05,2023-07-12,56,GR,GLL Summer 2023
S13,1698,2023-06-05,2023-07-12,57,OCE,LCO Split 2 2023
S13,1924,2023-06-17,2023-07-03,45,EUW,LEC Summer 2023
S13,1807,2023-05-02,2023-05-21,76,WR,MSI 2023
S13,1907,2023-04-11,2023-04-29,79,WR,EMEA Masters Spring 2023
S13,1679,2023-02-27,2023-04-29,41,OCE,LCO Split 1 Stage 2 2023
S13,1819,2023-04-17,2023-04-23,17,EUW,LEC Spring Playoffs 2023
S13,1806,2023-04-14,2023-04-23,25,VN,VCS Spring Playoffs 2023
S13,2032,2023-03-27,2023-04-22,34,BR,CBLOL Academy Split 1 Playoffs 2023
S13,1808,2023-04-08,2023-04-16,24,EUW,LEC Spring Groups 2023
S13,2147,2023-03-24,2023-04-15,30,BR,CBLOL Split 1 Playoffs 2023
S13,1775,2023-04-01,2023-04-15,19,JP,LJL Spring Playoffs 2023
S13,1888,2023-03-30,2023-04-15,50,CN,LPL Spring Playoffs 2023
S13,1998,2023-03-14,2023-04-14,35,LAT,LLA Opening Playoffs 2023
S13,1917,2023-02-24,2023-04-10,139,VN,VCS Spring 2023
S13,2054,2023-03-22,2023-04-09,33,KR,LCK Spring Playoffs 2023
S13,1937,2023-03-23,2023-04-09,30,NA,LCS Spring Playoffs 2023
S13,1948,2023-03-23,2023-04-09,45,WR,PCS Spring Playoffs 2023
S13,1930,2023-04-04,2023-04-07,60,WR,EMEA Masters Spring Play-In 2023
S13,1873,2023-03-20,2023-04-07,34,KR,LCK CL Spring Playoffs 2023
S13,1859,2023-03-22,2023-04-03,24,ES,SuperLiga 2nd Div Spring Playoffs 2023
S13,1874,2023-03-14,2023-04-02,24,FR,LFL Div2 Spring Playoffs 2023
S13,1908,2023-03-11,2023-04-02,82,NA,NACL Spring Playoffs 2023
S13,2063,2023-03-16,2023-04-01,18,RS,EBL Spring Playoffs 2023
S13,1773,2023-03-14,2023-04-01,17,GR,GLL Spring Playoffs 2023
S13,1989,2023-03-16,2023-04-01,15,PT,LPLOL Spring Playoffs 2023
S13,1902,2023-03-16,2023-04-01,25,DE,Prime League Spring Playoffs 2023
S13,1834,2023-03-14,2023-04-01,21,ES,SuperLiga Spring Playoffs 2023
S13,1956,2023-03-22,2023-04-01,23,TR,TCL Spring Playoffs 2023
S13,1837,2023-03-21,2023-03-31,16,CZ,Hitpoint Masters Spring Playoffs 2023
S13,1984,2023-03-22,2023-03-31,21,FR,LFL Spring Playoffs 2023
S13,1874,2023-03-16,2023-03-31,17,IT,PG Nationals Spring Playoffs 2023
S13,1813,2023-03-14,2023-03-31,21,PL,Ultraliga Season 9 Playoffs 2023
S13,1976,2023-03-09,2023-03-30,14,AL,Arabian League Spring Playoffs 2023
S13,1825,2023-03-21,2023-03-30,16,BE,Elite Series Spring Playoffs 2023
S13,1791,2023-03-06,2023-03-30,24,DE,Prime League 2nd Div Spring Playoffs 2023
S13,1891,2023-03-14,2023-03-28,16,EUW,NLC Spring Playoffs 2023
S13,1951,2023-03-11,2023-03-27,46,EUW,LEC Spring Season 2023
S13,1844,2023-01-28,2023-03-26,133,JP,LJL Spring 2023
S13,1910,2023-01-14,2023-03-26,329,CN,LPL Spring 2023
S13,1963,2023-01-23,2023-03-21,90,BR,CBLOL Academy Split 1 2023
S13,2018,2023-01-21,2023-03-19,90,BR,CBLOL Split 1 2023
S13,1931,2023-01-18,2023-03-19,218,KR,LCK Spring 2023
S13,1836,2023-01-27,2023-03-17,57,CZ,Hitpoint Masters Spring 2023
S13,1949,2023-01-16,2023-03-17,222,KR,LCK CL 2023 Spring
S13,2034,2023-01-26,2023-03-17,93,NA,LCS Spring 2023
S13,1934,2023-01-18,2023-03-17,91,ES,SuperLiga 2nd Div Spring 2023
S13,1952,2023-01-26,2023-03-17,56,TR,TCL Spring 2023
S13,1999,2023-01-18,2023-03-16,90,FR,LFL Spring 2023
S13,1953,2023-01-19,2023-03-14,90,DE,Prime League Spring 2023
S13,1975,2023-02-03,2023-03-12,92,PCS,PCS Spring 2023
S13,1919,2023-02-01,2023-03-11,57,AL,Arabian League Spring 2023
S13,1869,2023-01-25,2023-03-10,56,RS,EBL Spring 2023
S13,1943,2023-01-10,2023-03-10,90,FR,LFL Div2 Spring 2023
S13,1893,2023-01-26,2023-03-10,56,PT,LPLOL Spring 2023
S13,1892,2023-01-24,2023-03-10,57,EUW,NLC Spring 2023
S13,1906,2023-01-26,2023-03-10,56,IT,PG Nationals Spring 2023
S13,1950,2023-01-24,2023-03-09,56,BE,Elite Series Spring 2023
S13,2041,2023-01-16,2023-03-09,90,ES,SuperLiga Spring 2023
S13,1842,2023-01-24,2023-03-08,56,GR,GLL Spring 2023
S13,1941,2023-01-24,2023-03-08,63,LAT,LLA Opening 2023
S13,1970,2023-01-16,2023-03-08,91,PL,Ultraliga Season 9 2023
S13,1823,2023-01-21,2023-03-07,242,NA,NACL Spring 2023
S13,1835,2023-01-09,2023-03-03,90,DE,Prime League 2nd Div Spring 2023
S13,1823,2023-02-20,2023-02-26,16,EUW,LEC Winter Playoffs 2023
S13,1853,2023-02-11,2023-02-19,24,EUW,LEC Winter Groups 2023
S13,1462,2023-01-23,2023-02-07,28,OCE,LCO Split 1 2023
S13,1990,2023-01-21,2023-02-06,45,EUW,LEC Winter 2023
S14,1986,2024-10-03,2024-11-02,82,WR,Worlds Main Event 2024
S14,1946,2024-09-25,2024-09-29,24,WR,Worlds Play-In 2024
S14,1988,2024-09-14,2024-09-21,35,WR,Americas Challengers 2024
S14,2109,2024-09-12,2024-09-14,13,KR,LCK Regional Finals 2024
S14,1664,2024-09-03,2024-09-10,11,ES,LVP SL Promotion 2025
S14,1976,2024-08-23,2024-09-08,31,KR,LCK Summer Playoffs 2024
S14,1946,2024-08-17,2024-09-08,44,NA,NACL Summer Playoffs 2024
S14,1974,2024-08-03,2024-09-07,41,BR,CBLOL Split 2 Playoffs 2024
S14,1933,2024-08-17,2024-09-07,40,NA,LCS Championship 2024
S14,1467,2024-09-03,2024-09-07,12,DE,Prime League Promotion 2025
S14,1772,2024-08-19,2024-09-06,34,KR,LCK CL Summer Playoffs 2024
S14,1827,2024-09-04,2024-09-06,11,FR,LFL Promotion 2025
S14,1870,2024-08-31,2024-09-02,13,CN,LPL Regional Finals 2024
S14,1974,2024-08-10,2024-09-01,32,EUW,LEC Season Finals 2024
S14,1880,2024-08-05,2024-09-01,67,WR,PCS Summer Playoffs 2024
S14,1918,2024-08-05,2024-08-30,191,WR,EMEA Masters Summer 2024
S14,1848,2024-08-03,2024-08-30,60,CN,LPL Summer Playoffs 2024
S14,1972,2024-07-22,2024-08-25,45,BR,CBLOL Academy Split 2 Playoffs 2024
S14,1953,2024-07-30,2024-08-24,26,LAT,LLA Closing Playoffs 2024
S14,1881,2024-06-12,2024-08-18,209,KR,LCK Summer 2024
S14,2116,2024-08-07,2024-08-18,25,VN,VCS Summer Playoffs 2024
S14,1894,2024-06-10,2024-08-16,223,KR,LCK CL Summer 2024
S14,1899,2024-06-15,2024-08-11,65,NA,LCS Summer 2024
S14,1947,2024-06-15,2024-08-11,111,NA,NACL Summer 2024
S14,1861,2024-07-19,2024-08-04,14,CZ,Hitpoint Masters Summer Playoffs 2024
S14,1816,2024-07-08,2024-08-04,22,FR,LFL Div2 Summer Playoffs 2024
S14,1872,2024-07-15,2024-08-04,16,ES,LVP SL 2nd Div Summer Playoffs 2024
S14,1859,2024-06-21,2024-08-04,100,VN,VCS Summer 2024
S14,1881,2024-07-20,2024-08-03,24,FR,LFL Summer Playoffs 2024
S14,1868,2024-07-24,2024-08-03,17,EUW,NLC Summer Playoffs 2024
S14,1981,2024-07-16,2024-08-03,23,DE,Prime League Summer Playoffs 2024
S14,1959,2024-07-20,2024-08-03,25,ES,LVP SL Summer Playoffs 2024
S14,1942,2024-07-20,2024-08-03,26,TR,TCL Summer Playoffs 2024
S14,1909,2024-07-24,2024-08-03,16,PL,Ultraliga Summer Playoffs 2024
S14,1862,2024-07-31,2024-08-02,69,WR,EMEA Masters Summer LCQ 2024
S14,1977,2024-07-05,2024-07-31,152,CN,LPL Summer Season 2024
S14,1789,2024-07-08,2024-07-30,25,DE,Prime League 2nd Div Summer Playoffs 2024
S14,1888,2024-06-01,2024-07-29,92,BR,CBLOL Split 2 2024
S14,2017,2024-07-12,2024-07-28,42,EUW,LEC Summer Playoffs 2024
S14,1923,2024-07-20,2024-07-28,15,JP,LJL Summer Playoffs 2024
S14,1720,2024-06-08,2024-07-28,73,PCS,PCS Summer 2024
S14,2007,2024-07-21,2024-07-28,24,TR,TCL Div2 Summer Playoffs 2024
S14,1807,2024-07-16,2024-07-27,17,BE,Elite Series Summer Playoffs 2024
S14,1820,2024-07-10,2024-07-25,16,IT,LIT Summer Playoffs 2024
S14,1860,2024-06-11,2024-07-24,63,LAT,LLA Closing 2024
S14,1825,2024-07-15,2024-07-22,22,OCE,LCO Split 2 Playoffs 2024
S14,1818,2024-07-09,2024-07-20,14,GR,GLL Summer Playoffs 2024
S14,1922,2024-07-04,2024-07-20,18,PT,LPLOL Summer Playoffs 2024
S14,1955,2024-05-22,2024-07-18,91,FR,LFL Summer 2024
S14,1894,2024-05-22,2024-07-18,90,ES,LVP SL Summer 2024
S14,1910,2024-05-30,2024-07-18,56,TR,TCL Summer 2024
S14,1892,2024-07-09,2024-07-17,16,RS,EBL Summer Playoffs 2024
S14,1844,2024-06-04,2024-07-17,56,EUW,NLC Summer 2024
S14,1814,2024-06-04,2024-07-17,56,PL,Ultraliga Summer 2024
S14,1911,2024-06-03,2024-07-16,93,BR,CBLOL Academy Split 2 2024
S14,1932,2024-06-03,2024-07-16,57,CZ,Hitpoint Masters Summer 2024
S14,1784,2024-05-21,2024-07-16,90,TR,TCL Div2 Summer 2024
S14,1828,2024-06-07,2024-07-14,60,JP,LJL Summer 2024
S14,1783,2024-06-04,2024-07-13,55,BE,Elite Series Summer 2024
S14,1812,2024-07-09,2024-07-12,13,AL,Arabian League Summer Playoffs 2024
S14,1912,2024-05-22,2024-07-10,90,DE,Prime League Summer 2024
S14,1587,2024-05-27,2024-07-09,56,OCE,LCO Split 2 2024
S14,1942,2024-05-24,2024-07-09,56,ES,LVP SL 2nd Div Summer 2024
S14,1928,2024-07-04,2024-07-07,19,WR,Esports World Cup 2024
S14,1942,2024-05-21,2024-07-05,90,FR,LFL Div2 Summer 2024
S14,1797,2024-05-23,2024-07-05,48,IT,LIT Summer 2024
S14,1845,2024-05-21,2024-07-03,56,GR,GLL Summer 2024
S14,1800,2024-05-23,2024-07-02,56,RS,EBL Summer 2024
S14,1785,2024-05-20,2024-07-02,90,DE,Prime League 2nd Div Summer 2024
S14,2005,2024-06-08,2024-06-30,47,EUW,LEC Summer Season 2024
S14,1930,2024-06-01,2024-06-29,130,CN,LPL Summer Placements 2024
S14,1788,2024-05-23,2024-06-28,56,PT,LPLOL Summer 2024
S14,1780,2024-05-23,2024-06-27,56,AL,Arabian League Summer 2024
S14,1858,2024-05-01,2024-05-19,78,WR,MSI 2024
S14,1941,2024-03-11,2024-04-28,72,BR,CBLOL Academy Split 1 Playoffs 2024
S14,1887,2024-04-19,2024-04-28,80,WR,EMEA Masters Spring 2024
S14,1922,2024-02-26,2024-04-28,22,OCE,LCO Split 1 Playoffs 2024
S14,2149,2024-03-22,2024-04-20,40,BR,CBLOL Split 1 Playoffs 2024
S14,1992,2024-03-31,2024-04-20,51,CN,LPL Spring Playoffs 2024
S14,1903,2024-04-15,2024-04-17,59,WR,EMEA Masters Spring Play-In 2024
S14,2124,2024-03-30,2024-04-14,32,KR,LCK Spring Playoffs 2024
S14,1827,2024-03-30,2024-04-14,42,EUW,LEC Spring Playoffs 2024
S14,1978,2024-03-19,2024-04-12,15,GR,GLL Spring Playoffs 2024
S14,1988,2024-03-25,2024-04-12,31,KR,LCK CL Spring Playoffs 2024
S14,2045,2024-03-20,2024-04-12,26,DE,Prime League Spring Playoffs 2024
S14,2006,2024-03-24,2024-04-12,14,ES,LVP SL 2nd Div Spring Playoffs 2024
S14,1966,2024-03-19,2024-04-09,22,FR,LFL Div2 Spring Playoffs 2024
S14,1848,2024-03-15,2024-04-09,22,DE,Prime League 2nd Div Spring Playoffs 2024
S14,1811,2024-03-11,2024-04-07,65,WR,PCS Spring Playoffs 2024
S14,2037,2024-04-03,2024-04-07,19,VN,VCS Spring Playoffs 2024
S14,1826,2024-03-05,2024-04-06,31,LAT,LLA Opening Playoffs 2024
S14,1904,2024-03-28,2024-04-05,16,AL,Arabian League Spring Playoffs 2024
S14,1971,2024-03-13,2024-04-05,16,RS,EBL Spring Playoffs 2024
S14,1974,2024-03-20,2024-04-05,21,FR,LFL Spring Playoffs 2024
S14,2005,2024-03-14,2024-04-05,15,PT,LPLOL Spring Playoffs 2024
S14,1942,2024-03-19,2024-04-05,26,ES,LVP SL Spring Playoffs 2024
S14,1992,2024-03-19,2024-04-05,25,TR,TCL Playoffs Spring 2024
S14,1870,2024-03-27,2024-04-03,25,TR,TCL Div2 Winter Playoffs 2024
S14,1971,2024-03-14,2024-04-01,43,NA,NACL Spring Playoffs 2024
S14,1918,2024-03-14,2024-03-31,30,NA,LCS Spring Playoffs 2024
S14,1988,2024-03-12,2024-03-30,15,BE,Elite Series Spring Playoffs 2024
S14,1983,2024-03-12,2024-03-30,16,CZ,Hitpoint Masters Spring Playoffs 2024
S14,1833,2024-03-14,2024-03-29,16,IT,LIT Spring Playoffs 2024
S14,1957,2024-01-22,2024-03-27,324,CN,LPL Spring 2024
S14,1874,2024-03-13,2024-03-27,15,EUW,NLC Spring Playoffs 2024
S14,1942,2024-03-09,2024-03-25,46,EUW,LEC Spring Season 2024
S14,1958,2024-01-17,2024-03-24,210,KR,LCK Spring 2024
S14,2038,2024-03-12,2024-03-23,16,PL,Ultraliga Spring Playoffs 2024
S14,1979,2024-01-15,2024-03-22,223,KR,LCK CL Spring 2024
S14,1881,2024-02-08,2024-03-21,56,AL,Arabian League Spring 2024
S14,2031,2024-01-20,2024-03-17,90,BR,CBLOL Split 1 2024
S14,1882,2024-01-19,2024-03-15,90,FR,LFL Div2 Spring 2024
S14,2000,2024-01-19,2024-03-15,56,ES,LVP SL 2nd Div Spring 2024
S14,2017,2024-01-17,2024-03-14,90,FR,LFL Spring 2024
S14,1936,2024-01-17,2024-03-14,91,ES,LVP SL Spring 2024
S14,1884,2024-01-23,2024-03-13,56,GR,GLL Spring 2024
S14,1946,2024-01-17,2024-03-13,90,DE,Prime League Spring 2024
S14,1788,2024-01-18,2024-03-13,91,TR,TCL Div2 Winter 2024
S14,1838,2024-01-16,2024-03-12,91,DE,Prime League 2nd Div Spring 2024
S14,2002,2024-01-20,2024-03-10,57,NA,LCS Spring 2024
S14,1907,2024-01-20,2024-03-10,112,NA,NACL Spring 2024
S14,1969,2024-01-20,2024-03-10,107,VN,VCS Spring 2024
S14,1919,2024-01-31,2024-03-08,56,RS,EBL Spring 2024
S14,1923,2024-01-23,2024-03-08,56,CZ,Hitpoint Masters Spring 2024
S14,1825,2024-01-25,2024-03-08,56,PT,LPLOL Spring 2024
S14,1913,2024-01-25,2024-03-08,57,IT,LIT Spring 2024
S14,1956,2024-01-25,2024-03-08,56,TR,TCL Spring 2024
S14,1851,2024-01-23,2024-03-07,56,BE,Elite Series Spring 2024
S14,1944,2024-01-24,2024-03-07,56,EUW,NLC Spring 2024
S14,1977,2024-02-05,2024-03-05,66,BR,CBLOL Academy Split 1 2024
S14,1880,2024-02-24,2024-03-03,13,JP,LJL Spring Playoffs 2024
S14,1870,2024-01-19,2024-03-03,93,PCS,PCS Spring 2024
S14,1872,2024-01-16,2024-02-29,93,LAT,LLA Opening 2024
S14,1890,2024-01-16,2024-02-28,56,PL,Ultraliga Spring 2024
S14,1799,2024-01-15,2024-02-21,55,OCE,LCO Split 1 2024
S14,1909,2024-02-03,2024-02-18,40,EUW,LEC Winter Playoffs 2024
S14,1836,2024-01-20,2024-02-18,60,JP,LJL Spring 2024
S14,1940,2024-01-13,2024-01-29,45,EUW,LEC Winter Season 2024
S14,1571,2023-12-25,2024-01-06,65,CN,Demacia Cup 2023
